<?xml version="1.0" encoding="UTF-8" ?> 

<!DOCTYPE mapper
PUBLIC "-//mybatis.org//DTD Mapper 3.0//EN"
"http://mybatis.org/dtd/mybatis-3-mapper.dtd">


<mapper namespace="com.study.notice.NoticeMapper">
	<!-- 조회수 증가 -->
	<update id="upCnt" parameterType="int">
		update notice
		set cnt = cnt + 1
		where noticeno = #{noticeno}
	</update>

	<!-- 조회 -->
	<select id="read" parameterType="int" resultType="com.study.notice.NoticeDTO">
		SELECT noticeno, title, content, wname, passwd, cnt, rdate
		FROM notice
		WHERE noticeno=#{noticeno}
	</select>

	<!-- 패스워드 검사 -->
	<select id="passwd" resultType="int" parameterType="HashMap">
		SELECT COUNT(*) AS cnt
		FROM notice
		WHERE noticeno=#{noticeno} AND passwd=#{passwd}
	</select>

	<!-- 수정 -->
	<update id="update" parameterType="com.study.notice.NoticeDTO">
		UPDATE notice
		SET title=#{title}, content=#{content}, wname=#{wname}
		WHERE noticeno=#{noticeno}
	</update>

	<!-- 삭제 -->
	<delete id="delete" parameterType="int">
		DELETE FROM notice
		WHERE noticeno=#{noticeno};
	</delete>


	<insert id="create" parameterType="com.study.notice.NoticeDTO">
		INSERT INTO notice(title,
		content, wname, passwd, cnt, rdate)
		VALUES(#{title}, #{content},
		#{wname}, #{passwd}, 0, NOW())
	</insert>

	<select id="list" parameterType="Map"
		resultType="com.study.notice.NoticeDTO">
		SELECT noticeno, title, wname, cnt, rdate
		FROM notice
		<where>
			<choose>
				<when test="col=='wname'">
					wname like CONCAT('%',#{word},'%')
				</when>
				<when test="col=='title'">
					title like CONCAT('%',#{word},'%')
				</when>
				<when test="col=='content'">
					content like CONCAT('%',#{word},'%')
				</when>
				<when test="col=='title_content'">
					title like CONCAT('%',#{word},'%')
					or
					content like
					CONCAT('%',#{word},'%')
				</when>
			</choose>
		</where>
		ORDER BY noticeno DESC
		limit #{sno} , #{cnt}
	</select>

	<select id="total" parameterType="int" resultType="int">
		select count(*) from notice
		<where>
			<choose>
				<when test="col=='wname'">
					wname like CONCAT('%',#{word},'%')
				</when>
				<when test="col=='title'">
					title like CONCAT('%',#{word},'%')
				</when>
				<when test="col=='content'">
					content like CONCAT('%',#{word},'%')
				</when>
				<when test="col=='title_content'">
					title like CONCAT('%',#{word},'%')
					or
					content like
					CONCAT('%',#{word},'%')
				</when>
			</choose>
		</where>
	</select>
</mapper>